cluster,recorded,ten,mean,station_mean,kuchera,dube,nn_full,nn_small,nn_without_derived,nn_without_meta,nn_without_radiation,nn_without_surface,nn_without_temperature,nn_without_upper,nn_without_water,nn_without_wind,station,count
1.0,0.0,44.66232911319344,43.243546891721934,38.69094196824457,72.39903143969572,50.763167088757214,43.07217726507954,45.92624705748824,45.34727389012281,44.83358551443524,45.18828611590258,45.50621407022428,45.052113765330795,44.85748344920205,44.948667894839026,44.169215204947854,23.227924528301887,1325
2.0,0.0,29.523532219552983,28.671095362730224,26.987674277949544,48.28497794171059,33.105956422765615,28.95680095819932,31.069720506998735,30.11498517546017,29.78729500415898,30.45984660288508,31.654049447997853,29.448634766179847,29.796830740511314,30.025542742727207,29.206232413355377,36.73315789473684,1900
