cluster,recorded,ten,mean,station_mean,kuchera,nn,station,count
1.0,0.0,44.66232911319344,43.243546891721934,38.69094196824457,72.39903143969572,35.80695242304482,23.227924528301887,1325
2.0,0.0,29.523532219552983,28.671095362730224,26.987674277949544,48.28497794171059,25.425186424407837,36.73315789473684,1900
