cluster,recorded,ten,mean,station_mean,kuchera,nn_full,nn_small,nn_without_derived,nn_without_meta,nn_without_radiation,nn_without_surface,nn_without_temperature,nn_without_upper,nn_without_water,nn_without_wind,station,count
1.0,0.0,6.6829880377862,6.575982579943619,6.220204334926994,8.50876203919793,6.5629396816578724,6.776890662943312,6.734038453270282,6.695788640215224,6.722223301550059,6.745829383420862,6.71208713928319,6.697572952137367,6.704376771545513,6.645992416859039,4.8195357170895505,1325
2.0,0.0,5.433556130155736,5.354539696624745,5.194966244158815,6.948739305925255,5.381152381990248,5.574021932769797,5.48771219867261,5.4577738139427305,5.5190439935631135,5.626193157722001,5.426659632423969,5.45864733615493,5.479556801669931,5.404279083592499,6.060788553871257,1900
