cluster,recorded,ten,mean,station_mean,kuchera,dube,nn_full,nn_small,nn_without_derived,nn_without_meta,nn_without_radiation,nn_without_surface,nn_without_temperature,nn_without_upper,nn_without_water,nn_without_wind,station,count
1.0,0.0,4.402369487119245,4.559299635120193,4.307233155153743,6.14218259758715,4.594790126367547,4.262396106430016,4.575233784067341,4.513795622293086,4.497380206029282,4.519478025451913,4.594733422129074,4.508184385936432,4.4535360683898,4.515787978245968,4.519950122405475,23.227924528301887,1325
2.0,0.0,3.595720682742632,3.805293763726486,3.6832600436596277,5.358199216319467,3.897200723460526,3.6189376565207136,3.8115046936346677,3.733326425257605,3.727136760520582,3.7418373332689194,3.897352230129951,3.7053900329608704,3.686965154894372,3.708598703871789,3.7155678265409513,36.73315789473684,1900
